"schema_version","fixture_id","learning_rate_mode","position","estimand"
"rqrgibbs_dlm_bounded_estimands/1.0.0","shared_component_scale_trend_regression","learned_pseudoresidual_normalized",1,"train_lower_t001"
"rqrgibbs_dlm_bounded_estimands/1.0.0","shared_component_scale_trend_regression","learned_pseudoresidual_normalized",2,"train_lower_t002"
"rqrgibbs_dlm_bounded_estimands/1.0.0","shared_component_scale_trend_regression","learned_pseudoresidual_normalized",3,"train_lower_t003"
"rqrgibbs_dlm_bounded_estimands/1.0.0","shared_component_scale_trend_regression","learned_pseudoresidual_normalized",4,"train_lower_t004"
"rqrgibbs_dlm_bounded_estimands/1.0.0","shared_component_scale_trend_regression","learned_pseudoresidual_normalized",5,"train_lower_t005"
"rqrgibbs_dlm_bounded_estimands/1.0.0","shared_component_scale_trend_regression","learned_pseudoresidual_normalized",6,"train_lower_t006"
"rqrgibbs_dlm_bounded_estimands/1.0.0","shared_component_scale_trend_regression","learned_pseudoresidual_normalized",7,"train_lower_t007"
"rqrgibbs_dlm_bounded_estimands/1.0.0","shared_component_scale_trend_regression","learned_pseudoresidual_normalized",8,"train_lower_t008"
"rqrgibbs_dlm_bounded_estimands/1.0.0","shared_component_scale_trend_regression","learned_pseudoresidual_normalized",9,"train_lower_t009"
"rqrgibbs_dlm_bounded_estimands/1.0.0","shared_component_scale_trend_regression","learned_pseudoresidual_normalized",10,"train_lower_t010"
"rqrgibbs_dlm_bounded_estimands/1.0.0","shared_component_scale_trend_regression","learned_pseudoresidual_normalized",11,"train_lower_t011"
"rqrgibbs_dlm_bounded_estimands/1.0.0","shared_component_scale_trend_regression","learned_pseudoresidual_normalized",12,"train_lower_t012"
"rqrgibbs_dlm_bounded_estimands/1.0.0","shared_component_scale_trend_regression","learned_pseudoresidual_normalized",13,"train_lower_t013"
"rqrgibbs_dlm_bounded_estimands/1.0.0","shared_component_scale_trend_regression","learned_pseudoresidual_normalized",14,"train_lower_t014"
"rqrgibbs_dlm_bounded_estimands/1.0.0","shared_component_scale_trend_regression","learned_pseudoresidual_normalized",15,"train_lower_t015"
"rqrgibbs_dlm_bounded_estimands/1.0.0","shared_component_scale_trend_regression","learned_pseudoresidual_normalized",16,"train_lower_t016"
"rqrgibbs_dlm_bounded_estimands/1.0.0","shared_component_scale_trend_regression","learned_pseudoresidual_normalized",17,"train_lower_t017"
"rqrgibbs_dlm_bounded_estimands/1.0.0","shared_component_scale_trend_regression","learned_pseudoresidual_normalized",18,"train_lower_t018"
"rqrgibbs_dlm_bounded_estimands/1.0.0","shared_component_scale_trend_regression","learned_pseudoresidual_normalized",19,"train_lower_t019"
"rqrgibbs_dlm_bounded_estimands/1.0.0","shared_component_scale_trend_regression","learned_pseudoresidual_normalized",20,"train_lower_t020"
"rqrgibbs_dlm_bounded_estimands/1.0.0","shared_component_scale_trend_regression","learned_pseudoresidual_normalized",21,"train_lower_t021"
"rqrgibbs_dlm_bounded_estimands/1.0.0","shared_component_scale_trend_regression","learned_pseudoresidual_normalized",22,"train_lower_t022"
"rqrgibbs_dlm_bounded_estimands/1.0.0","shared_component_scale_trend_regression","learned_pseudoresidual_normalized",23,"train_lower_t023"
"rqrgibbs_dlm_bounded_estimands/1.0.0","shared_component_scale_trend_regression","learned_pseudoresidual_normalized",24,"train_lower_t024"
"rqrgibbs_dlm_bounded_estimands/1.0.0","shared_component_scale_trend_regression","learned_pseudoresidual_normalized",25,"train_lower_t025"
"rqrgibbs_dlm_bounded_estimands/1.0.0","shared_component_scale_trend_regression","learned_pseudoresidual_normalized",26,"train_lower_t026"
"rqrgibbs_dlm_bounded_estimands/1.0.0","shared_component_scale_trend_regression","learned_pseudoresidual_normalized",27,"train_lower_t027"
"rqrgibbs_dlm_bounded_estimands/1.0.0","shared_component_scale_trend_regression","learned_pseudoresidual_normalized",28,"train_lower_t028"
"rqrgibbs_dlm_bounded_estimands/1.0.0","shared_component_scale_trend_regression","learned_pseudoresidual_normalized",29,"train_lower_t029"
"rqrgibbs_dlm_bounded_estimands/1.0.0","shared_component_scale_trend_regression","learned_pseudoresidual_normalized",30,"train_lower_t030"
"rqrgibbs_dlm_bounded_estimands/1.0.0","shared_component_scale_trend_regression","learned_pseudoresidual_normalized",31,"train_upper_t001"
"rqrgibbs_dlm_bounded_estimands/1.0.0","shared_component_scale_trend_regression","learned_pseudoresidual_normalized",32,"train_upper_t002"
"rqrgibbs_dlm_bounded_estimands/1.0.0","shared_component_scale_trend_regression","learned_pseudoresidual_normalized",33,"train_upper_t003"
"rqrgibbs_dlm_bounded_estimands/1.0.0","shared_component_scale_trend_regression","learned_pseudoresidual_normalized",34,"train_upper_t004"
"rqrgibbs_dlm_bounded_estimands/1.0.0","shared_component_scale_trend_regression","learned_pseudoresidual_normalized",35,"train_upper_t005"
"rqrgibbs_dlm_bounded_estimands/1.0.0","shared_component_scale_trend_regression","learned_pseudoresidual_normalized",36,"train_upper_t006"
"rqrgibbs_dlm_bounded_estimands/1.0.0","shared_component_scale_trend_regression","learned_pseudoresidual_normalized",37,"train_upper_t007"
"rqrgibbs_dlm_bounded_estimands/1.0.0","shared_component_scale_trend_regression","learned_pseudoresidual_normalized",38,"train_upper_t008"
"rqrgibbs_dlm_bounded_estimands/1.0.0","shared_component_scale_trend_regression","learned_pseudoresidual_normalized",39,"train_upper_t009"
"rqrgibbs_dlm_bounded_estimands/1.0.0","shared_component_scale_trend_regression","learned_pseudoresidual_normalized",40,"train_upper_t010"
"rqrgibbs_dlm_bounded_estimands/1.0.0","shared_component_scale_trend_regression","learned_pseudoresidual_normalized",41,"train_upper_t011"
"rqrgibbs_dlm_bounded_estimands/1.0.0","shared_component_scale_trend_regression","learned_pseudoresidual_normalized",42,"train_upper_t012"
"rqrgibbs_dlm_bounded_estimands/1.0.0","shared_component_scale_trend_regression","learned_pseudoresidual_normalized",43,"train_upper_t013"
"rqrgibbs_dlm_bounded_estimands/1.0.0","shared_component_scale_trend_regression","learned_pseudoresidual_normalized",44,"train_upper_t014"
"rqrgibbs_dlm_bounded_estimands/1.0.0","shared_component_scale_trend_regression","learned_pseudoresidual_normalized",45,"train_upper_t015"
"rqrgibbs_dlm_bounded_estimands/1.0.0","shared_component_scale_trend_regression","learned_pseudoresidual_normalized",46,"train_upper_t016"
"rqrgibbs_dlm_bounded_estimands/1.0.0","shared_component_scale_trend_regression","learned_pseudoresidual_normalized",47,"train_upper_t017"
"rqrgibbs_dlm_bounded_estimands/1.0.0","shared_component_scale_trend_regression","learned_pseudoresidual_normalized",48,"train_upper_t018"
"rqrgibbs_dlm_bounded_estimands/1.0.0","shared_component_scale_trend_regression","learned_pseudoresidual_normalized",49,"train_upper_t019"
"rqrgibbs_dlm_bounded_estimands/1.0.0","shared_component_scale_trend_regression","learned_pseudoresidual_normalized",50,"train_upper_t020"
"rqrgibbs_dlm_bounded_estimands/1.0.0","shared_component_scale_trend_regression","learned_pseudoresidual_normalized",51,"train_upper_t021"
"rqrgibbs_dlm_bounded_estimands/1.0.0","shared_component_scale_trend_regression","learned_pseudoresidual_normalized",52,"train_upper_t022"
"rqrgibbs_dlm_bounded_estimands/1.0.0","shared_component_scale_trend_regression","learned_pseudoresidual_normalized",53,"train_upper_t023"
"rqrgibbs_dlm_bounded_estimands/1.0.0","shared_component_scale_trend_regression","learned_pseudoresidual_normalized",54,"train_upper_t024"
"rqrgibbs_dlm_bounded_estimands/1.0.0","shared_component_scale_trend_regression","learned_pseudoresidual_normalized",55,"train_upper_t025"
"rqrgibbs_dlm_bounded_estimands/1.0.0","shared_component_scale_trend_regression","learned_pseudoresidual_normalized",56,"train_upper_t026"
"rqrgibbs_dlm_bounded_estimands/1.0.0","shared_component_scale_trend_regression","learned_pseudoresidual_normalized",57,"train_upper_t027"
"rqrgibbs_dlm_bounded_estimands/1.0.0","shared_component_scale_trend_regression","learned_pseudoresidual_normalized",58,"train_upper_t028"
"rqrgibbs_dlm_bounded_estimands/1.0.0","shared_component_scale_trend_regression","learned_pseudoresidual_normalized",59,"train_upper_t029"
"rqrgibbs_dlm_bounded_estimands/1.0.0","shared_component_scale_trend_regression","learned_pseudoresidual_normalized",60,"train_upper_t030"
"rqrgibbs_dlm_bounded_estimands/1.0.0","shared_component_scale_trend_regression","learned_pseudoresidual_normalized",61,"train_midpoint_t001"
"rqrgibbs_dlm_bounded_estimands/1.0.0","shared_component_scale_trend_regression","learned_pseudoresidual_normalized",62,"train_midpoint_t002"
"rqrgibbs_dlm_bounded_estimands/1.0.0","shared_component_scale_trend_regression","learned_pseudoresidual_normalized",63,"train_midpoint_t003"
"rqrgibbs_dlm_bounded_estimands/1.0.0","shared_component_scale_trend_regression","learned_pseudoresidual_normalized",64,"train_midpoint_t004"
"rqrgibbs_dlm_bounded_estimands/1.0.0","shared_component_scale_trend_regression","learned_pseudoresidual_normalized",65,"train_midpoint_t005"
"rqrgibbs_dlm_bounded_estimands/1.0.0","shared_component_scale_trend_regression","learned_pseudoresidual_normalized",66,"train_midpoint_t006"
"rqrgibbs_dlm_bounded_estimands/1.0.0","shared_component_scale_trend_regression","learned_pseudoresidual_normalized",67,"train_midpoint_t007"
"rqrgibbs_dlm_bounded_estimands/1.0.0","shared_component_scale_trend_regression","learned_pseudoresidual_normalized",68,"train_midpoint_t008"
"rqrgibbs_dlm_bounded_estimands/1.0.0","shared_component_scale_trend_regression","learned_pseudoresidual_normalized",69,"train_midpoint_t009"
"rqrgibbs_dlm_bounded_estimands/1.0.0","shared_component_scale_trend_regression","learned_pseudoresidual_normalized",70,"train_midpoint_t010"
"rqrgibbs_dlm_bounded_estimands/1.0.0","shared_component_scale_trend_regression","learned_pseudoresidual_normalized",71,"train_midpoint_t011"
"rqrgibbs_dlm_bounded_estimands/1.0.0","shared_component_scale_trend_regression","learned_pseudoresidual_normalized",72,"train_midpoint_t012"
"rqrgibbs_dlm_bounded_estimands/1.0.0","shared_component_scale_trend_regression","learned_pseudoresidual_normalized",73,"train_midpoint_t013"
"rqrgibbs_dlm_bounded_estimands/1.0.0","shared_component_scale_trend_regression","learned_pseudoresidual_normalized",74,"train_midpoint_t014"
"rqrgibbs_dlm_bounded_estimands/1.0.0","shared_component_scale_trend_regression","learned_pseudoresidual_normalized",75,"train_midpoint_t015"
"rqrgibbs_dlm_bounded_estimands/1.0.0","shared_component_scale_trend_regression","learned_pseudoresidual_normalized",76,"train_midpoint_t016"
"rqrgibbs_dlm_bounded_estimands/1.0.0","shared_component_scale_trend_regression","learned_pseudoresidual_normalized",77,"train_midpoint_t017"
"rqrgibbs_dlm_bounded_estimands/1.0.0","shared_component_scale_trend_regression","learned_pseudoresidual_normalized",78,"train_midpoint_t018"
"rqrgibbs_dlm_bounded_estimands/1.0.0","shared_component_scale_trend_regression","learned_pseudoresidual_normalized",79,"train_midpoint_t019"
"rqrgibbs_dlm_bounded_estimands/1.0.0","shared_component_scale_trend_regression","learned_pseudoresidual_normalized",80,"train_midpoint_t020"
"rqrgibbs_dlm_bounded_estimands/1.0.0","shared_component_scale_trend_regression","learned_pseudoresidual_normalized",81,"train_midpoint_t021"
"rqrgibbs_dlm_bounded_estimands/1.0.0","shared_component_scale_trend_regression","learned_pseudoresidual_normalized",82,"train_midpoint_t022"
"rqrgibbs_dlm_bounded_estimands/1.0.0","shared_component_scale_trend_regression","learned_pseudoresidual_normalized",83,"train_midpoint_t023"
"rqrgibbs_dlm_bounded_estimands/1.0.0","shared_component_scale_trend_regression","learned_pseudoresidual_normalized",84,"train_midpoint_t024"
"rqrgibbs_dlm_bounded_estimands/1.0.0","shared_component_scale_trend_regression","learned_pseudoresidual_normalized",85,"train_midpoint_t025"
"rqrgibbs_dlm_bounded_estimands/1.0.0","shared_component_scale_trend_regression","learned_pseudoresidual_normalized",86,"train_midpoint_t026"
"rqrgibbs_dlm_bounded_estimands/1.0.0","shared_component_scale_trend_regression","learned_pseudoresidual_normalized",87,"train_midpoint_t027"
"rqrgibbs_dlm_bounded_estimands/1.0.0","shared_component_scale_trend_regression","learned_pseudoresidual_normalized",88,"train_midpoint_t028"
"rqrgibbs_dlm_bounded_estimands/1.0.0","shared_component_scale_trend_regression","learned_pseudoresidual_normalized",89,"train_midpoint_t029"
"rqrgibbs_dlm_bounded_estimands/1.0.0","shared_component_scale_trend_regression","learned_pseudoresidual_normalized",90,"train_midpoint_t030"
"rqrgibbs_dlm_bounded_estimands/1.0.0","shared_component_scale_trend_regression","learned_pseudoresidual_normalized",91,"train_width_t001"
"rqrgibbs_dlm_bounded_estimands/1.0.0","shared_component_scale_trend_regression","learned_pseudoresidual_normalized",92,"train_width_t002"
"rqrgibbs_dlm_bounded_estimands/1.0.0","shared_component_scale_trend_regression","learned_pseudoresidual_normalized",93,"train_width_t003"
"rqrgibbs_dlm_bounded_estimands/1.0.0","shared_component_scale_trend_regression","learned_pseudoresidual_normalized",94,"train_width_t004"
"rqrgibbs_dlm_bounded_estimands/1.0.0","shared_component_scale_trend_regression","learned_pseudoresidual_normalized",95,"train_width_t005"
"rqrgibbs_dlm_bounded_estimands/1.0.0","shared_component_scale_trend_regression","learned_pseudoresidual_normalized",96,"train_width_t006"
"rqrgibbs_dlm_bounded_estimands/1.0.0","shared_component_scale_trend_regression","learned_pseudoresidual_normalized",97,"train_width_t007"
"rqrgibbs_dlm_bounded_estimands/1.0.0","shared_component_scale_trend_regression","learned_pseudoresidual_normalized",98,"train_width_t008"
"rqrgibbs_dlm_bounded_estimands/1.0.0","shared_component_scale_trend_regression","learned_pseudoresidual_normalized",99,"train_width_t009"
"rqrgibbs_dlm_bounded_estimands/1.0.0","shared_component_scale_trend_regression","learned_pseudoresidual_normalized",100,"train_width_t010"
"rqrgibbs_dlm_bounded_estimands/1.0.0","shared_component_scale_trend_regression","learned_pseudoresidual_normalized",101,"train_width_t011"
"rqrgibbs_dlm_bounded_estimands/1.0.0","shared_component_scale_trend_regression","learned_pseudoresidual_normalized",102,"train_width_t012"
"rqrgibbs_dlm_bounded_estimands/1.0.0","shared_component_scale_trend_regression","learned_pseudoresidual_normalized",103,"train_width_t013"
"rqrgibbs_dlm_bounded_estimands/1.0.0","shared_component_scale_trend_regression","learned_pseudoresidual_normalized",104,"train_width_t014"
"rqrgibbs_dlm_bounded_estimands/1.0.0","shared_component_scale_trend_regression","learned_pseudoresidual_normalized",105,"train_width_t015"
"rqrgibbs_dlm_bounded_estimands/1.0.0","shared_component_scale_trend_regression","learned_pseudoresidual_normalized",106,"train_width_t016"
"rqrgibbs_dlm_bounded_estimands/1.0.0","shared_component_scale_trend_regression","learned_pseudoresidual_normalized",107,"train_width_t017"
"rqrgibbs_dlm_bounded_estimands/1.0.0","shared_component_scale_trend_regression","learned_pseudoresidual_normalized",108,"train_width_t018"
"rqrgibbs_dlm_bounded_estimands/1.0.0","shared_component_scale_trend_regression","learned_pseudoresidual_normalized",109,"train_width_t019"
"rqrgibbs_dlm_bounded_estimands/1.0.0","shared_component_scale_trend_regression","learned_pseudoresidual_normalized",110,"train_width_t020"
"rqrgibbs_dlm_bounded_estimands/1.0.0","shared_component_scale_trend_regression","learned_pseudoresidual_normalized",111,"train_width_t021"
"rqrgibbs_dlm_bounded_estimands/1.0.0","shared_component_scale_trend_regression","learned_pseudoresidual_normalized",112,"train_width_t022"
"rqrgibbs_dlm_bounded_estimands/1.0.0","shared_component_scale_trend_regression","learned_pseudoresidual_normalized",113,"train_width_t023"
"rqrgibbs_dlm_bounded_estimands/1.0.0","shared_component_scale_trend_regression","learned_pseudoresidual_normalized",114,"train_width_t024"
"rqrgibbs_dlm_bounded_estimands/1.0.0","shared_component_scale_trend_regression","learned_pseudoresidual_normalized",115,"train_width_t025"
"rqrgibbs_dlm_bounded_estimands/1.0.0","shared_component_scale_trend_regression","learned_pseudoresidual_normalized",116,"train_width_t026"
"rqrgibbs_dlm_bounded_estimands/1.0.0","shared_component_scale_trend_regression","learned_pseudoresidual_normalized",117,"train_width_t027"
"rqrgibbs_dlm_bounded_estimands/1.0.0","shared_component_scale_trend_regression","learned_pseudoresidual_normalized",118,"train_width_t028"
"rqrgibbs_dlm_bounded_estimands/1.0.0","shared_component_scale_trend_regression","learned_pseudoresidual_normalized",119,"train_width_t029"
"rqrgibbs_dlm_bounded_estimands/1.0.0","shared_component_scale_trend_regression","learned_pseudoresidual_normalized",120,"train_width_t030"
"rqrgibbs_dlm_bounded_estimands/1.0.0","shared_component_scale_trend_regression","learned_pseudoresidual_normalized",121,"observed_loss"
"rqrgibbs_dlm_bounded_estimands/1.0.0","shared_component_scale_trend_regression","learned_pseudoresidual_normalized",122,"terminal_state_midpoint_1"
"rqrgibbs_dlm_bounded_estimands/1.0.0","shared_component_scale_trend_regression","learned_pseudoresidual_normalized",123,"terminal_state_midpoint_2"
"rqrgibbs_dlm_bounded_estimands/1.0.0","shared_component_scale_trend_regression","learned_pseudoresidual_normalized",124,"terminal_state_midpoint_3"
"rqrgibbs_dlm_bounded_estimands/1.0.0","shared_component_scale_trend_regression","learned_pseudoresidual_normalized",125,"terminal_state_abs_separation_1"
"rqrgibbs_dlm_bounded_estimands/1.0.0","shared_component_scale_trend_regression","learned_pseudoresidual_normalized",126,"terminal_state_abs_separation_2"
"rqrgibbs_dlm_bounded_estimands/1.0.0","shared_component_scale_trend_regression","learned_pseudoresidual_normalized",127,"terminal_state_abs_separation_3"
"rqrgibbs_dlm_bounded_estimands/1.0.0","shared_component_scale_trend_regression","learned_pseudoresidual_normalized",128,"time0_state_midpoint_1"
"rqrgibbs_dlm_bounded_estimands/1.0.0","shared_component_scale_trend_regression","learned_pseudoresidual_normalized",129,"time0_state_midpoint_2"
"rqrgibbs_dlm_bounded_estimands/1.0.0","shared_component_scale_trend_regression","learned_pseudoresidual_normalized",130,"time0_state_midpoint_3"
"rqrgibbs_dlm_bounded_estimands/1.0.0","shared_component_scale_trend_regression","learned_pseudoresidual_normalized",131,"time0_state_abs_separation_1"
"rqrgibbs_dlm_bounded_estimands/1.0.0","shared_component_scale_trend_regression","learned_pseudoresidual_normalized",132,"time0_state_abs_separation_2"
"rqrgibbs_dlm_bounded_estimands/1.0.0","shared_component_scale_trend_regression","learned_pseudoresidual_normalized",133,"time0_state_abs_separation_3"
"rqrgibbs_dlm_bounded_estimands/1.0.0","shared_component_scale_trend_regression","learned_pseudoresidual_normalized",134,"future_conditional_mean_lower_t001"
"rqrgibbs_dlm_bounded_estimands/1.0.0","shared_component_scale_trend_regression","learned_pseudoresidual_normalized",135,"future_conditional_mean_lower_t002"
"rqrgibbs_dlm_bounded_estimands/1.0.0","shared_component_scale_trend_regression","learned_pseudoresidual_normalized",136,"future_conditional_mean_lower_t003"
"rqrgibbs_dlm_bounded_estimands/1.0.0","shared_component_scale_trend_regression","learned_pseudoresidual_normalized",137,"future_conditional_mean_upper_t001"
"rqrgibbs_dlm_bounded_estimands/1.0.0","shared_component_scale_trend_regression","learned_pseudoresidual_normalized",138,"future_conditional_mean_upper_t002"
"rqrgibbs_dlm_bounded_estimands/1.0.0","shared_component_scale_trend_regression","learned_pseudoresidual_normalized",139,"future_conditional_mean_upper_t003"
"rqrgibbs_dlm_bounded_estimands/1.0.0","shared_component_scale_trend_regression","learned_pseudoresidual_normalized",140,"future_conditional_mean_midpoint_t001"
"rqrgibbs_dlm_bounded_estimands/1.0.0","shared_component_scale_trend_regression","learned_pseudoresidual_normalized",141,"future_conditional_mean_midpoint_t002"
"rqrgibbs_dlm_bounded_estimands/1.0.0","shared_component_scale_trend_regression","learned_pseudoresidual_normalized",142,"future_conditional_mean_midpoint_t003"
"rqrgibbs_dlm_bounded_estimands/1.0.0","shared_component_scale_trend_regression","learned_pseudoresidual_normalized",143,"future_conditional_mean_width_t001"
"rqrgibbs_dlm_bounded_estimands/1.0.0","shared_component_scale_trend_regression","learned_pseudoresidual_normalized",144,"future_conditional_mean_width_t002"
"rqrgibbs_dlm_bounded_estimands/1.0.0","shared_component_scale_trend_regression","learned_pseudoresidual_normalized",145,"future_conditional_mean_width_t003"
"rqrgibbs_dlm_bounded_estimands/1.0.0","shared_component_scale_trend_regression","learned_pseudoresidual_normalized",146,"log_lambda"
"rqrgibbs_dlm_bounded_estimands/1.0.0","shared_component_scale_trend_regression","learned_pseudoresidual_normalized",147,"log_component_scale_trend"
"rqrgibbs_dlm_bounded_estimands/1.0.0","shared_component_scale_trend_regression","learned_pseudoresidual_normalized",148,"log_component_scale_regression"
"rqrgibbs_dlm_bounded_estimands/1.0.0","shared_component_scale_trend_regression","learned_pseudoresidual_normalized",149,"component_innovation_energy_trend"
"rqrgibbs_dlm_bounded_estimands/1.0.0","shared_component_scale_trend_regression","learned_pseudoresidual_normalized",150,"component_innovation_energy_regression"
